<?xml version="1.0" encoding="UTF-8"?>  
<!DOCTYPE mapper PUBLIC "-//mybatis.org//DTD Mapper 3.0//EN"  
"http://mybatis.org/dtd/mybatis-3-mapper.dtd">
<mapper namespace="com.zheng.dao.UserDao">
<!--设置model类和数据库中表的字段一一对应，注意数据库字段和model类中的字段名称不致，此处一定要！-->
	<resultMap id="BaseResultMap" type="com.zheng.model.User">
		<id column="userId" property="userId" jdbcType="INTEGER" />
		<result column="userName" property="userName" jdbcType="CHAR" />
		<result column="userPassword" property="userPassword" jdbcType="CHAR" />
	</resultMap>
	<!-- 查询单条记录 -->
	<select id="selectUserById" parameterType="int" resultMap="BaseResultMap">
		SELECT * FROM t_user WHERE userId = #{userId}
	</select>

	<!-- by lyx 2018.6.27-->
	<select id="selectUserByName" parameterType="string" resultMap="BaseResultMap">
		SELECT * FROM t_user WHERE userName LIKE #{userName}
	</select>

	<!-- by lyx 2108.6.28-->
	<sql id="Base_Column_List">
		userId, userName, userPassword
	</sql>
	<!--用户登录-->
	<select id="loginByUserNameAndPassword"  resultMap="BaseResultMap" parameterType="com.zheng.model.User">
		select
		<include refid="Base_Column_List" />
		from t_user
		where userName=#{userName}  <!--- ！！注意注意 ！！前者是表字段，后者是jdbc定义的字段-->
		and userPassword=#{userPassword}
	</select>

	<!-- 根据分页数据start 和size查询数据 -->
	<select id="findByPage" parameterType="Map" resultMap="BaseResultMap">
		select
		<include refid="Base_Column_List" />
		from t_user
		<if test="start!=null and size!=null">
			limit #{start},#{size}
		</if>
	</select>

	<!--查询用户总数-->
	<select id="selectCount" resultType="int">
		select count(*) from t_user
	</select>

	<!--查询用户列表-->
	<select id="selectUserList" resultType="com.zheng.model.User">
		select
		<include refid="Base_Column_List" />
		from t_user
	</select>

    <!--添加一个用户,用户信息可以不完整-->
    <insert id="insertUser" parameterType="com.zheng.model.User">
        insert into t_user
        <trim prefix="(" suffix=")" suffixOverrides=",">
          <if test="userId != null">
              userId,
          </if>
          <if test="userName != null">
              userName,
          </if>
          <if test="userPassword != null">
              userPassword,
          </if>
        </trim>
        <trim prefix="values (" suffix=")" suffixOverrides=",">
          <if test="userId != null">
              #{userId,jdbcType=INTEGER},
          </if>
          <if test="userName != null">
              #{userName,jdbcType=CHAR},
          </if>
          <if test="userPassword != null">
              #{userPassword,jdbcType=CHAR},
          </if>
        </trim>
        <!--插入的数据如果是完整的，可以直接写成insert into t_user (userId,userName,userPassword)
        values (#{userId},#{userName},#{userPassword})-->
    </insert>
    <update id="updateUserById" parameterType="com.zheng.model.User">
        update t_user
        <set>
            <if test="userName!=null">
                userName = #{userName,jdbcType=CHAR},
            </if>
            <if test="userPassword!=null">
                userPassword = #{userPassword,jdbcType=CHAR},
            </if>
            where userId = #{userId,jdbcType=INTEGER}
        </set>
    </update>
    <!--更改的数据如果是完整的，可以直接写成update t_user
    set userName = #{userName,jdbcType=CHAR},userPassword = #{userPassword,jdbcType=CHAR},
    userPassword = #{userPassword,jdbcType=CHAR}
    where userId = #{userId,jdbcType=INTEGER}-->

    <delete id="deleteById" parameterType="int">
        delete from t_user
        where userId = #{userId,jdbcType=INTEGER}
    </delete>
</mapper>